1,0.9999188497950812,1.4948688010529794,1.8400023198327298,2.091371245496986,2.2785563620152938,2.424376986711613,2.564614779301251,2.738537644399034,2.8448820739436784,2.9421785645592884,3.0369507059951384,3.126588768287054,3.204264710097147,3.270468283810297,3.329897525272609,3.3855200759320683,3.4385373200043032,3.48943281851079,3.538470622604544,3.585840568297405,3.6316945464635833,3.6761567827562716,3.719328045104675,3.7612882987950558,3.8020988281488006,3.8418040549754537,3.880433103266735,3.9180011270132926,3.9545104437092227,3.989951598305358,4.024304649672305,4.057541265712939,4.089628662013805,4.120536964447393,4.15025191697202,4.178794197067544,4.206243470556075,4.232757935660862,4.258567863097077,4.283906896632829,4.308832801949981,4.332896711310765,4.354767768527356,4.3726519620851185,4.387192368906896,4.403848020833614,4.427299614092755,4.4569018427162055,4.4900952183440035,4.5251415085712505
7,1.003837431646646,1.5098209643090745,1.8406105039063632,2.080828037856417,2.253875923456958,2.42862969459157,2.5588920790219523,2.7043196024584786,2.830068532499955,2.967188003031047,3.1094885256217406,3.174739774008705,3.234677555503488,3.2915939987303338,3.3459959417034018,3.398110516960944,3.4481594747942252,3.496515318090626,3.543846464877594,3.5905600898453196,3.635554700218904,3.6790681240764216,3.7216546033267526,3.7633973158495464,3.8041556599828423,3.843470357394454,3.880176527934024,3.9118448445920806,3.935625382894848,3.95383638089789,3.975939035488319,4.006114571575127,4.040829103855064,4.076000529069978,4.1086071489909965,4.135995522564603,4.157679420166193,4.178658160902648,4.205270398133757,4.238252475997638,4.274957686318824,4.313339015844572,4.352245714061478,4.391071096272554,4.429276623514676,4.4659460548147605,4.499228159884034,4.526098845717282,4.54475503270737,4.559740971175645
0,0.9994927614223184,1.4980391733603542,1.83938494341808,2.0916624211191404,2.259975515979444,2.457414867862915,2.593386734875404,2.695338503165497,2.8194298313967803,2.933189644393414,3.0327243458564106,3.1205522086767035,3.19901517560824,3.270417234608253,3.335995587795815,3.3965585979397503,3.452851328977515,3.50546901867421,3.5549165282352075,3.601630701511982,3.645978256170703,3.688268600545187,3.7287597031355886,3.767665042424719,3.805215208809057,3.8416596120263975,3.876856427824888,3.9107659536460853,3.943600059411037,3.975624588744199,4.0070864850711345,4.038075083555173,4.06859982817024,4.098672965165641,4.128320694099357,4.157574963348019,4.1864677180659715,4.21502871996974,4.243285095439605,4.271261477938845,4.298980287889081,4.326462015302782,4.353725486542059,4.3807881236284905,4.407666201621775,4.434375100690483,4.4609295358347225,4.4873437442505,4.513631636828281,4.539806907559999
4,1.0010264968353073,1.4968860041365504,1.8345506977915476,2.0904215052760797,2.283234351732752,2.4407137792220968,2.5804903641468937,2.707532414538258,2.823656416097673,2.9298696953731564,3.026777558464412,3.1150735233575273,3.195357360955374,3.2684308347251383,3.3352403970537057,3.396891169744673,3.4541841695231708,3.507648478473756,3.5577853319897166,3.605075895321956,3.64991200693626,3.6925826656366483,3.7333123579569465,3.772700545190752,3.8101462083979305,3.8462522677440396,3.881230860948126,3.9152346925804817,3.948321914064372,3.9806912550642277,4.012494777671985,4.043756565535804,4.074505943771096,4.104736105190957,4.134405675332983,4.163481820256736,4.19196125186811,4.219863924487392,4.247217614466247,4.274044258176395,4.300351262366813,4.3261284081180245,4.3513509719162,4.375990042981017,4.400030681689457,4.423496656177458,4.446476019163962,4.46913580811387,4.4917123587037695,4.514472650766516
3,1.0007041233228589,1.49647301422466,1.8472679477836322,2.0759518922714606,2.277860771457477,2.442653267094437,2.5856359091846928,2.7132585318388713,2.8284173258996415,2.9285415068695726,3.023419906138438,3.1104445293236846,3.1899411648126947,3.262803997119335,3.329833995571268,3.3917604036248292,3.4492369614202505,3.5028255386447666,3.5530199157781226,3.600279859087046,3.6450151363816796,3.687577441400371,3.7282718787191618,3.7673717516505922,3.80511343542324,3.8416585628519613,3.8771146852389795,3.9116126422671322,3.9452873073979626,3.978247150151343,4.0105779202320235,4.042350441393838,4.073624835617495,4.104452665492844,4.134877984497742,4.164936856317192,4.194655289213075,4.224048033163834,4.253119511412628,4.281864388565113,4.310262960747824,4.338263112779998,4.365730351367231,4.392325033439926,4.417243655941866,4.43889135043645,4.455420392847458,4.467971168413639,4.482291582061129,4.501946305034245
5,0.9995238948648133,1.4998059035959215,1.8340955692443388,2.082855819581496,2.2825401142277313,2.4480860350225746,2.5911898492042953,2.7171914632581564,2.8296087050552874,2.930879044758516,3.0228345231743248,3.1069088815485912,3.1842471427753796,3.255779403083548,3.322270571101139,3.384355124941998,3.442566931426755,3.497361062008261,3.54912841259872,3.5982070472076844,3.6448923035981577,3.6894460283690913,3.732105111663686,3.773090175532349,3.8126159679343723,3.8509039727168877,3.8882024628585508,3.9248310347794826,3.961225425199413,3.9976939369536546,4.032519027466313,4.061544870429193,4.087423078883445,4.113664233606452,4.14042070424261,4.167305288389883,4.194069652283665,4.220582889184841,4.246771735574945,4.27258218472029,4.297968432253059,4.322934403045597,4.34757956736624,4.372003372883408,4.396205044081675,4.420131582197898,4.4437101305219615,4.466800093240127,4.489060267990509,4.509651183722602
9,0.9996226841800576,1.4982479498321246,1.8396982508001474,2.08361063251603,2.275736409775397,2.441664577810254,2.588371449906418,2.718183435788121,2.8334064417108147,2.936129711098892,3.0282853959966722,3.111620178421077,3.18764091774929,3.257595732734542,3.3226117398294908,3.383918683976865,3.44102777013066,3.49476777482921,3.5457212168922485,3.5942272608755808,3.640576856726308,3.68506340222759,3.7280616054410656,3.769621730000013,3.810250231463878,3.8506393031603756,3.887529794336544,3.9213255370387565,3.955255826140556,3.9889201246157495,4.022088622012991,4.05470117816592,4.086749185990163,4.118232061316582,4.149136525009409,4.179419587313848,4.208986263542007,4.2376545957325655,4.265101225265376,4.290791363530464,4.313948331584157,4.3337651724972925,4.350217172261935,4.365241023859053,4.382299820939412,4.403557949733423,4.4285248576876555,4.455606680335662,4.483573345693013,4.51180835592989
6,0.9999065101533993,1.4988150436934504,1.8392066913540515,2.078541485164134,2.2766359855544285,2.4462991620690806,2.59275873546581,2.7207319189148005,2.8350085377638012,2.9373239997979708,3.029352402190847,3.1126717719237935,3.1885911843853467,3.25822338905665,3.322528610554492,3.38232468883664,3.4400251238272817,3.4989672943620342,3.549226263883176,3.597102037589626,3.6428677034270867,3.6867685743932577,3.7290165553965635,3.769729077039678,3.808926337643859,3.8466768199050345,3.883124904543687,3.9184086312719675,3.9526382918523533,3.9859067885064383,4.0182963705646975,4.04987923512687,4.080716605061722,4.110860304897352,4.14035639036116,4.16924731069291,4.197572301987772,4.225366989559307,4.252662101035287,4.279480728327268,4.305832582388513,4.33170247276156,4.357032461296922,4.381696379784668,4.405461242984995,4.427941582903704,4.448607231123483,4.467011692099683,4.483358064524972,4.498829331901879
2,0.9992289289163288,1.4979495660902784,1.8354775044849279,2.096449269377495,2.2849264846728947,2.4334146132731433,2.5728439058723027,2.7069761205121563,2.8280170159129643,2.935227403528991,3.0304090255752305,3.1160040102649083,3.1935677261166817,3.2645439608828464,3.329947892175641,3.3906030464372576,3.44981335718721,3.5030573683511346,3.5532465015051624,3.600770355005892,3.645965268736262,3.6891144668784888,3.7304424127633933,3.770129975669441,3.808336846132752,3.8452031479796065,3.8808551369615585,3.9154095329286998,3.9489770203929946,3.981665144519765,4.013574298950601,4.044789150151435,4.075374078105716,4.10537902916231,4.13484660719855,4.163814228686376,4.192314813974985,4.22037727168181,4.248025420877758,4.275272008741973,4.302114596308898,4.328542029439444,4.3545447838532,4.38012117740944,4.405278270158657,4.430029062990978,4.454386153867958,4.478345828913912,4.501834346597592,4.524499141121102
8,0.9990237319723365,1.5009771496158293,1.836523636034662,2.0759114722039294,2.26956808072623,2.4523892074129043,2.611627442401675,2.73243320412638,2.8329099117432115,2.9168219987763075,3.005888903811302,3.1122444836969922,3.186044409880024,3.259873941908024,3.3233942904123555,3.3816038585104007,3.4376924539740417,3.492222780608951,3.5453986266846567,3.597324788764553,3.6479661396732954,3.69701228564911,3.743604625079141,3.786043687511345,3.8225411913961107,3.8548078842837032,3.88905959701577,3.9282366710333965,3.970223519702944,4.012427593561897,4.052621613208448,4.085739050932928,4.098831845009071,4.100160794093195,4.116771560856128,4.1422408582501316,4.170903092302412,4.202746740807905,4.240024497094663,4.219709043884377,4.246166220246764,4.29420323921384,4.342676947875077,4.3908088049495175,4.437647122194269,4.475507995763366,4.4373151042340195,4.468304968885304,4.49787509478295,4.533807497000586
1,1.0025586256003587,1.5137153619460002,1.8262099281223236,2.0746941579845832,2.2744598481477967,2.445906919707208,2.594689303007803,2.72612468482767,2.840908314280726,2.9390494996923753,3.0236871943066124,3.099762907141915,3.172462680605004,3.245285600221163,3.316468363146677,3.3817019708306764,3.442732701614599,3.5025050086685665,3.558924063434042,3.6090405368711185,3.6534650013950185,3.6946496679088474,3.7341561594516928,3.7726308297343656,3.810308291987386,3.8472772487657214,3.8835814747368405,3.919265618992165,3.954404813926642,3.989113512223147,4.023547245234525,4.057882926158856,4.088575962147128,4.122929304692596,4.1571736807661415,4.191201566948134,4.224841601952683,4.257895684101299,4.290114342874924,4.320840059920996,4.348831529889187,4.373680281546207,4.3980295708848836,4.425341484244333,4.417667030225294,4.450098290566492,4.483458735697118,4.5171884167134175,4.551135620948015,4.585276422860857|0.991621559193947,1.4943560092548693,1.8046939483170086,2.057530786527487,2.262726187882956,2.4397883514705176,2.594401357205104,2.7298028417589695,2.8467235456059843,2.945627481788168,3.030056701409508,3.1053061884725284,3.1768543042810657,3.2483650475032775,3.318141577670438,3.3818977604310136,3.4413250686416412,3.499389226523988,3.5540878889017073,3.6025083358181087,3.6452594810611147,3.684772052004259,3.722603153239649,3.759416956409356,3.795483690398944,3.8309377943217706,3.865864035222298,3.9003156443276517,3.9343087806922052,3.967831567373916,4.000948897004926,4.03388683586302,4.062418180430107,4.095367163390779,4.128089076338855,4.160361868093191,4.191821989695325,4.222241717422876,4.251795584302312,4.280299306179859,4.306517104371277,4.3298523862033695,4.3528189604788645,4.3788204062136105,4.369658163225157,4.4008717504159724,4.433055728480602,4.465647842897613,4.498494973718874,4.531572079136026|0.9859673301753035,1.4763165016500435,1.7767588611800629,2.012014333639488,2.2033025721007826,2.3736948666696347,2.528352027743547,2.6680466379276266,2.791175091656205,2.897087282919042,2.9888091818276887,3.0712142031759213,3.1494052810152864,3.2268558065931883,3.301843370615767,3.370143121597881,3.4336527897336158,3.495429227934805,3.553440072689393,3.6048187642003873,3.65026367857156,3.6923116603109976,3.7325794887339385,3.7717408357423525,3.8100382059011824,3.847553264010043,3.884316081486778,3.9203707867838076,3.955829903266117,3.990884864930701,4.025745546160514,4.06055735600139,4.092206435076311,4.127023900048647,4.161778325369044,4.196404005532078,4.230802748884298,4.264784084146058,4.297935034367551,4.329415796750064,4.357983408046943,4.383302328227779,4.408066438390877,4.435761233925874,4.428576377471717,4.461347916048022,4.4950295688278805,4.529062774955642,4.563296924933974,4.597709390456576
0,1.0017873107672284,1.4933454433646747,1.8416001623205043,2.0817682625614844,2.275313944386518,2.4417838656099815,2.588552701071098,2.717930304393901,2.8319072517585275,2.9329788139585333,3.023739221258862,3.1063160656308457,3.1824662684119724,3.2535138262316896,3.320255360473858,3.3833037812301976,3.4433345400069935,3.500987452629226,3.55689214191692,3.6114747519153325,3.664501077686063,3.7169574118642053,3.7664494990731066,3.8151686314970448,3.8638245833169136,3.912592509959428,3.9605213505381274,4.006705543784748,4.051370494278548,4.0950743733582,4.1381582718211805,4.180780299794811,4.223018058146415,4.264916504748624,4.30648975154048,4.347734363642403,4.388732655439671,4.429528813971767,4.470131160383648,4.510553999798553,4.550813032855898,4.590922819896629,4.630896454108851,4.670745663582869,4.710480960130808,4.750111777954097,4.789646596811211,4.8290930508634595,4.868458024826328,4.907747738776996|0.9991249453151034,1.487315294330203,1.832797910350807,2.0595337225584283,2.2443784824260766,2.4105792786553626,2.5646308830559055,2.704893006596301,2.8282729587077053,2.937246496117286,3.0353035948626403,3.123431046491622,3.2033838395925085,3.2767371301844546,3.344251733160998,3.406511737994302,3.464419719230545,3.5188931958437424,3.5708532654160607,3.620847145011166,3.668228625864057,3.7144845646136346,3.7555972092482417,3.79555629114688,3.835735708903112,3.876343262162506,3.915220934105779,3.9504483740748646,3.982562325944442,4.0127735300356715,4.041810584862472,4.070006888068499,4.097522057058352,4.124438473499102,4.15072216076529,4.176269548042444,4.201397638460652,4.2262517697028015,4.250812454890407,4.27509518590202,4.299128560047004,4.322940667262047,4.346555856470515,4.369995277530305,4.393277704833718,4.4164198404718364,4.439436491786758,4.462340758244432,4.485144221319939,4.507857123028815|1.015568640988943,1.4751194715112097,1.8145506518847094,2.043554427974687,2.226266625100504,2.386799698195012,2.5361505543637843,2.676073220465884,2.8017681728478907,2.913378311014549,3.013763526244368,3.1034943332084204,3.1842630710656024,3.2577558567165643,3.3248827903829925,3.3863753753963035,3.443283149909,3.496677191094172,3.547672796962784,3.5970038039349377,3.644005111481873,3.6913401523863745,3.7323389676455103,3.772470421256929,3.813352601416825,3.8553237338056445,3.895888337468277,3.9326464800871204,3.9660741710267176,3.997520298089831,4.027800825495698,4.057275832082441,4.086106238853625,4.114370885291107,4.142048235671203,4.169059416179542,4.195667813974981,4.22199529322704,4.248029557504009,4.273786500550264,4.299291730468566,4.324570143145025,4.349644181881506,4.374533837454105,4.399256887625119,4.423829146978083,4.448264700522228,4.47257611987773,4.4967746621196385,4.5208704488684495
2,0.9998841171885471,1.4977682428899628,1.83259541131575,2.080814648362173,2.28444784109977,2.4401220716583953,2.58319691035421,2.720822985039678,2.839597635559302,2.941768762263909,3.0338349524375414,3.1152841220657597,3.1887762042060723,3.2552943046250187,3.3160164459749355,3.3719174631783098,3.423793997827161,3.4722948755192924,3.5179495170186708,3.5612157070523516,3.602422210408532,3.6419088642814827,3.679996806363493,3.7169959153778227,3.753090221129891,3.788164401024787,3.8220584960723065,3.8548675667162433,3.8867872405477426,3.917988091556793,3.948583060275461,3.978647712321637,4.00823878333115,4.037402812375628,4.066179706447956,4.094604330844757,4.122704489445035,4.150503062481481,4.177895212077842,4.204774999060747,4.23169461095131,4.258471963526399,4.285055657706618,4.311455630178174,4.337684581857937,4.363754551899974,4.389676778738228,4.415461695330292,4.441118939174912,4.466657377713542|1.013251458316736,1.4904659732325771,1.7947228020207378,2.019674110834382,2.2066672059907777,2.3313540124434042,2.4701664952100826,2.6189842809194523,2.7527158297532934,2.865550811578747,2.9783248767907136,3.078664617378642,3.1688903431585254,3.25012622913279,3.3240032171812923,3.3919175627036515,3.454499113950499,3.512518309613663,3.566611032555012,3.6173898794903967,3.665158851810762,3.7103937280065047,3.7535442915272434,3.795026560746238,3.8349982208538007,3.873079845161155,3.9090034221389924,3.9430300206485436,3.9755439245865243,4.006829863284658,4.0370654964856705,4.066372595808889,4.09484729185025,4.122570622706449,4.149613119231489,4.176037543119345,4.201900106921075,4.227248420401146,4.252088068963072,4.276441248606385,4.3005054607633255,4.324239064726792,4.347652208213859,4.37077043726234,4.393617550302378,4.416214943439739,4.438581809210932,4.460735360504569,4.482691044424885,4.504462741266421|1.0252643599408167,1.5037544971701544,1.797207992058137,2.0142589444128127,2.201480823549809,2.3250391538855175,2.459421586624224,2.602424900355257,2.7307703942733705,2.8511803922430827,2.963981351771049,3.06430935006469,3.154108029914489,3.2349814046392575,3.3083846400600367,3.3755126307744674,3.437311313107873,3.494589324904915,3.548015408797226,3.598151959507922,3.6454845083290186,3.690471503141845,3.733591353404434,3.7753415322077504,3.8159756644907965,3.855132087727934,3.8923599862371483,3.9278031891277334,3.961855676785029,3.9948066982863373,4.026826494468542,4.058023178462445,4.088476731808144,4.118253092822005,4.14740948848995,4.175996651410835,4.204059913711231,4.2316399145642505,4.258773194470717,4.285492760124412,4.31182857427999,4.33780771190877,4.363454835389293,4.388792439153459,4.413841076276091,4.438619563351003,4.463145159913928,4.487433725767778,4.511499859344465,4.535357019751441
3,0.9984139377205921,1.5100799835598022,1.8251011122481364,2.077421489267755,2.2818849080787627,2.45200431961462,2.5970180549001687,2.7220969478668984,2.832345620403118,2.931753939530682,3.0219718075797997,3.104269940376095,3.1799430457212345,3.2468635152209138,3.313168106599234,3.3766962778744487,3.439186700795961,3.5018827538371267,3.5631433490638442,3.6195883998790617,3.670923340832358,3.7188014837011405,3.764341663060917,3.8081204232972925,3.8505052977995256,3.8917377414950756,3.931978187195312,3.971343102324818,4.009925573215303,4.047804758443205,4.085050127762516,4.1217235813483875,4.157880746949692,4.193571939131429,4.2288429089390664,4.263735254779045,4.298285953507986,4.332524927023317,4.36327151558061,4.396655061156303,4.429610213675404,4.462178119422026,4.494457658844364,4.526531072846543,4.558256022682909,4.590004016836756,4.621625482811214,4.653130694246832,4.684529218684867,4.715830186912336|0.9935743164692239,1.5131774491616712,1.8164500925577334,2.050565616976088,2.2499465397101734,2.4258540574117653,2.580846265208803,2.7163696017988417,2.8361253708876086,2.9435039150175664,3.040578272064718,3.1292007852355166,3.2111017466811966,3.2825887515157377,3.354078287971129,3.4208206815915494,3.483167992999839,3.5413959611569172,3.595676041765097,3.6461749904630665,3.6931816001477236,3.73700522896641,3.777973697359522,3.8164837131059244,3.8529210474315474,3.887599622078476,3.920767895550997,3.9526284445878663,3.983378956594526,4.013123575009279,4.04196165904322,4.07003518557578,4.097433090478255,4.124232307741337,4.150499706360755,4.176293607083105,4.201664953202852,4.226658133470806,4.251179193389295,4.275531382544624,4.299603604680682,4.323426552825914,4.347028715491504,4.370433938846198,4.393661565934085,4.416730220006249,4.439654074917786,4.462446427122639,4.48511930400639,4.507683551441892|1.0008873693413738,1.5357505760829775,1.8341458856077808,2.0537819288299555,2.2362296593662956,2.40148766446483,2.5522121005748506,2.687207465684596,2.8078955038046303,2.9162347591558406,3.013565980786428,3.101396862166202,3.181420350452395,3.249010819349113,3.3170069588687374,3.3801536464883575,3.4392199464908573,3.49486481520202,3.5476121652302504,3.5978684548284403,3.645895872711273,3.6916637639491316,3.73506033493155,3.7762557970890778,3.815600357390277,3.8534010121425046,3.889874592309753,3.9251810414723276,3.9607159132751923,3.995325488867054,4.027350569078614,4.058604189911507,4.089163232233071,4.1190938841718285,4.148454926204451,4.177296013233735,4.205651314039679,4.233523729266166,4.25552772328321,4.281804837118746,4.3073295458462,4.332374186662547,4.357167806628673,4.38178118462348,4.406213353101414,4.43048417879162,4.4545909172772555,4.4785429938635115,4.502351613595186,4.526028362965049
4,0.9998779278197951,1.500799028640756,1.8331549910824863,2.083202806549426,2.2792240209335324,2.442620459892213,2.5852721859596124,2.7131800830554513,2.828387747321254,2.9314365677274883,3.0224371899646956,3.106498558799351,3.18343373607268,3.2531411017268135,3.321940473930765,3.3858312796248593,3.4450609913820696,3.5004091808675595,3.552880324514326,3.602832421869562,3.6497233506716427,3.6934077094115727,3.7345392875217067,3.773780385208555,3.819409907354784,3.855794590184728,3.8910294379045065,3.925283327203414,3.958695510323239,3.991385579920528,4.023460613890836,4.055030374955222,4.086183185159515,4.116791515084564,4.1467489640074975,4.176085277651984,4.204627371273665,4.231994219625318,4.257887339256093,4.282796735184449,4.306674675155586,4.332819597306141,4.360337959931414,4.388229845952839,4.416145335921148,4.4438127213531375,4.471169603410346,4.498596565647036,4.526150263115202,4.553702258795349|1.005757282577651,1.4814971835145476,1.7933156073848846,2.0289488525857693,2.188248305979666,2.305360315857814,2.4156981402749516,2.535597358329024,2.6625893365868007,2.789372467493539,2.9100940316095385,3.022487072580174,3.1259382442896446,3.2210499708497906,3.3086406734589957,3.388560627771529,3.461179511532624,3.5271151880060176,3.5870947393225396,3.641788522799108,3.6917817250374854,3.7376949920971327,3.7801600305076404,3.819718787933833,3.8571393841202153,3.8921001877838126,3.925289933660732,3.9569756498527613,3.9873825913920857,4.016700502890416,4.045089188032151,4.072683656189005,4.099596846657556,4.12591748547972,4.151723714035273,4.177087047292777,4.202064991181407,4.226704914478027,4.2510486207800104,4.275136705756023,4.299001317280766,4.322681578380539,4.346193484704005,4.3695521336222996,4.3927737726300995,4.4158734073210475,4.438864715827184,4.461760170124913,4.484570504180239,4.507305123372215|0.9994808190790805,1.4475917722580032,1.778729978085477,2.03792229111368,2.2396213404109346,2.407068602418483,2.5527469661535966,2.68337386971915,2.8021557262634795,2.909986401072536,3.006202515955786,3.093989376608031,3.1738568684915607,3.246500426692194,3.315875082634818,3.379949286375093,3.4393336045890472,3.4949823382464458,3.547950027271738,3.598680560188838,3.646464732291023,3.6909536997396764,3.7328138432234312,3.772703634292011,3.8192943224891853,3.856146734642593,3.8917695853150445,3.9263442073819945,3.9600209986776833,3.992933448159095,4.025220325894503,4.057078690452156,4.0886796946916535,4.119514638378201,4.14924355684126,4.17818423660749,4.206310467979456,4.2333140283740125,4.258944880708981,4.283632577478222,4.307061647795052,4.332621190454575,4.35941954521061,4.3864930367811175,4.413553577137968,4.440414704888894,4.467037055891228,4.49364467204602,4.520285187662171,4.5469045487373245
5,0.9998897514347742,1.4994509328212793,1.835595002048273,2.083107597702304,2.2808994938991263,2.445943559188064,2.588162507651927,2.7134968174635254,2.8256413879203146,2.9270572447284895,3.0195031272149637,3.1042823926553162,3.1823864802880286,3.2546022798950154,3.321588457797017,3.38392295837966,3.442126983936977,3.4966710932326515,3.548000446202483,3.5966591119109688,3.643232546262229,3.687383606956698,3.7293132886827345,3.769380557450641,3.8075963973897173,3.8441215189697275,3.879328731460002,3.913498002649126,3.9467850397308775,3.9792966977630884,4.0111220108930725,4.042337469467335,4.0730066955395134,4.103179618455146,4.132891581440321,4.162162156421725,4.190993639147997,4.219369590301014,4.247254435711737,4.267502095356312,4.294174013193521,4.320249212947417,4.345690726101392,4.370595762481696,4.395166757161277,4.419691242759637,4.44447231722747,4.469740463982214,4.495600244520265,4.522035792474059|1.0000141263055808,1.499667481983811,1.834960940286381,2.0762258191914684,2.268750283636803,2.431060987595564,2.5719250743972535,2.6970349755730227,2.8098469517250786,2.912546991020139,3.0065848249803424,3.093146691714156,3.1730988493242993,3.2471013348545132,3.3157321658317978,3.379538064695946,3.439037066121915,3.4947157240009004,3.547051933404281,3.596655378668076,3.6441947619240955,3.6891316524387934,3.731665290768123,3.7723118910519595,3.811222313464634,3.848574345389534,3.884642021433169,3.9196442236289606,3.953722500442605,3.9869829391691027,4.0194723889607635,4.0513478331339146,4.082640411213928,4.113404255453636,4.143679482955346,4.17349144636689,4.2028495794709535,4.231749446510458,4.260169140822911,4.2661918538160695,4.293423034243037,4.319447157653804,4.345515968500179,4.370952133999436,4.395756113729395,4.419829997555674,4.442774150966086,4.463746321974587,4.48226124693429,4.50009153945892|0.9999038371702835,1.4901152110862492,1.8126087347494082,2.038476570146684,2.218244417030642,2.3787977204817037,2.52442763204961,2.6570513398304447,2.7780280070059513,2.888018679739667,2.988136689237266,3.079571034960845,3.163353140166647,3.2403602078755305,3.311359981677893,3.377041604657274,3.4380306275275276,3.494899558751773,3.5481987754039506,3.5986078654152327,3.646861230020308,3.6923687316124383,3.7353447952423604,3.776369371222674,3.815642488334216,3.8533623341620205,3.889791803976588,3.9251399856028835,3.9595527110194735,3.993147123526202,4.026011988855862,4.058252099472318,4.08993213561545,4.121113868604591,4.151847629170673,4.182172410390388,4.212115742840295,4.24169344566337,4.270909545725857,4.2815236912152,4.309884022887849,4.337960693335871,4.36562561654913,4.392864998264412,4.419603406952039,4.445552842894065,4.469908401084871,4.491158546503555,4.5084795002270805,4.52498241070954
7,0.9673707591339342,1.5426973343925998,1.8401076818703974,2.112867531099103,2.3069030227010776,2.4628044095841304,2.598238761863404,2.719062990929016,2.828106343244507,2.926244888349477,3.015071455206228,3.0963298734347,3.171259667188385,3.241060491967815,3.3066938427950525,3.3687602484164882,3.4277401803229726,3.483976666033132,3.5376873052636673,3.589006686430122,3.637974202705854,3.6845387769317424,3.72855928110518,3.7701787962808835,3.8102743607062033,3.849089216789036,3.8866430754231405,3.922990108037806,3.9581847865407864,3.992227623500783,4.025107637726546,4.056836990497245,4.087447438547933,4.1169767458891675,4.145507895579349,4.173183492466779,4.20003442787142,4.22610787805613,4.25147305111236,4.276198702130164,4.300350170028834,4.323989252297344,4.347174021778908,4.3699586841404265,4.392393607445221,4.414525370306763,4.436396852265765,4.458047502989112,4.479513404701034,4.500827420433383|0.9335469346875269,1.571540693687027,1.8919202420455556,2.165636242304685,2.355548627766797,2.503047928614963,2.6287925245858874,2.7401422038426286,2.840392834771132,2.9310282188140206,3.014291964046374,3.091900616387699,3.164897822927193,3.2339804296068864,3.2995934962652864,3.362030421049978,3.4215775010932323,3.478440421394278,3.5327493725971295,3.5846000014822224,3.6340428611213604,3.6810869076074826,3.725678409984649,3.7679993032519143,3.808706673448679,3.848176229889833,3.8864426732621826,3.9234251017479562,3.9590868468824603,3.9934450786119293,4.026553656549755,4.05847021095583,4.089244443197768,4.118928609416563,4.147589885686279,4.175307482878309,4.202150722265269,4.228192745869908,4.253507502543806,4.278166120432993,4.302236146434046,4.325781298379692,4.348861332203153,4.371532000302513,4.39384508481441,4.415848474090849,4.437586274873083,4.459098961482713,4.480423526087305,4.501593648755217|0.9224537705070811,1.5805397315292526,1.9066250500813309,2.1820230707089303,2.37158418061112,2.5202713880263374,2.648151503978182,2.7633864746691907,2.8662374516072733,2.958371606666789,3.0425369639590145,3.1201379004248153,3.192114380328205,3.2593316414058724,3.3226926598573265,3.3827794821778117,3.44006758076273,3.494865717152156,3.547334899363413,3.5975610614455853,3.6455641638258705,3.6913049478725273,3.734622663784023,3.7756968681877363,3.8153941201127335,3.8538448007229342,3.891012097284133,3.9269489066871404,3.9617171300327048,3.995331109293206,4.027793430413864,4.059126809703979,4.089373277144035,4.118583528538904,4.146835045350065,4.174238621757162,4.20084338939225,4.226706506288492,4.2518957300930325,4.276476987953226,4.300512767978015,4.324062165786521,4.3471807186805425,4.369920255174275,4.392328928498069,4.4144512665059965,4.436328259490112,4.457997629072649,4.4794938798106,4.5008484383631195
6,0.9999823386727078,1.5005962660720158,1.8314359566618055,2.081012455179625,2.282434747401258,2.4514121381916167,2.5976449826347596,2.724566463436691,2.835648174952885,2.934255100180672,3.0229435646307707,3.1036537081508446,3.177793641508439,3.2464202559827906,3.310570199738931,3.373008758053437,3.439487394650886,3.4966865945372683,3.548199490791746,3.597280150933322,3.6443234597233487,3.68954716987233,3.7331914661950356,3.7757264022696786,3.8182184339137124,3.8601010266045743,3.898757924249007,3.9352536429234184,3.9705691372087015,4.004905696315905,4.038368142983589,4.071041179556911,4.102989073845378,4.1342649045815305,4.164915850627353,4.1949845107971475,4.224502670996791,4.253367653173553,4.2811072389324245,4.308864899700099,4.336439824033086,4.363439185448215,4.389247006232937,4.415429043926739,4.441530912420853,4.467380473071682,4.492988088929172,4.518369409019957,4.543539103472813,4.568510823620618|0.9810923511047095,1.469301083535489,1.8028389794482795,2.059920460337732,2.2684185320725785,2.4442439164339484,2.595461147190459,2.725514622886965,2.8386004940058265,2.9383877440025334,3.027599845026461,3.108373079200078,3.1822139474174027,3.25026041450678,3.313701507365624,3.3764765115200532,3.4475164911710423,3.5058282922361697,3.55651349189292,3.6045474800768993,3.650444560800037,3.6944560187293995,3.736891813217473,3.7784948719270104,3.8210888210600458,3.863636677630826,3.9013724366919083,3.9359359887329814,3.9690695072773714,4.001057230936459,4.032049249212811,4.062181932983158,4.091576774861529,4.120284169566478,4.148346846982855,4.17580790206089,4.202687085038086,4.228626983752309,4.252221720983444,4.276673197750503,4.301359811954218,4.325123081794371,4.346184926867588,4.368905619775255,4.391974042286639,4.4148715909138145,4.437595067015687,4.4601582395519115,4.482574046401202,4.504854339938933|1.0008970885729567,1.4985600147197877,1.82576688987375,2.074211481355359,2.2759535836236586,2.445859422597155,2.593161000728678,2.720889990148191,2.8326430197969725,2.9316939442019847,3.020536183976859,3.1011148242197235,3.174861998158064,3.2428840325865336,3.3063297819187767,3.369081816760528,3.4399358761590024,3.498219992953097,3.548995651091658,3.5971667366847537,3.643241948879199,3.687468428675425,3.7301450191360823,3.7719713672650106,3.8146199288682605,3.8571356144132376,3.8952018540303976,3.9302758869342527,3.963964439985565,3.996503859648122,4.028023228657204,4.058664243827231,4.088607094382052,4.117891836182089,4.146548284831962,4.1746158743671495,4.202113747205038,4.22870577047381,4.253067066404382,4.278215482031993,4.303569474257482,4.328106454688518,4.350368000397925,4.373939652046046,4.3977441577282645,4.421358125157914,4.444781249613655,4.468027037714741,4.491108228516074,4.514036585442153
8,1.0002769149411774,1.4998149395386715,1.8325285177022912,2.0844958737738977,2.2840495327244343,2.4496307271932976,2.591442007471948,2.715760572663745,2.825818458939223,2.927385090603204,3.0212293501249574,3.105378606363353,3.181713981103493,3.252617955009139,3.3188860604103247,3.3808419223899584,3.4388822522228506,3.4939274320057656,3.54633209624619,3.596446159830208,3.6444180570463165,3.690312617328233,3.734119093840453,3.7758912193457475,3.8157772176714215,3.854140377128011,3.891157604517796,3.926962781005613,3.961675501681,3.9953675355308667,4.0277265291066,4.058667162068364,4.088862831130714,4.117738328848126,4.144357601394869,4.168092959814737,4.188911097518089,4.2099896341967895,4.233389818344735,4.25975753063752,4.288124609274477,4.3174372670786845,4.347107971803236,4.3768989704782,4.40673837229783,4.433473322669485,4.422931960819506,4.452899148235749,4.482962606005561,4.513116117313608|0.9990119877836161,1.4950792581057346,1.8282528883724365,2.0821777331968776,2.284173312655378,2.451918546547038,2.5954494497612086,2.7213036142881766,2.8330609317791713,2.935683585488911,3.03039729615093,3.115253613838098,3.1921451775402114,3.2634708928605494,3.330050316462551,3.392232714201435,3.4504268076766316,3.50554491891263,3.5579129890703087,3.607878455193063,3.6556142428392433,3.701221857059883,3.7447299334186264,3.78621559853257,3.8258281275649177,3.8639206501508,3.900660227635821,3.9361742008926286,3.970584498020068,4.003961385329763,4.0360755446421654,4.066840422467687,4.096933937117297,4.125703395751837,4.15210788223109,4.175497921735466,4.19588353141004,4.216486391603656,4.239392124696722,4.265258239874024,4.29312257952294,4.321935658983315,4.351114247711812,4.380424714136408,4.4097966519998515,4.436071840695576,4.425056560897343,4.454562351901147,4.484159054919748,4.513842651069993|1.0086903722989482,1.498242326330026,1.8217280798339526,2.065328632059317,2.264743628843576,2.434686235820537,2.5810694376477064,2.708879974184014,2.821414510033723,2.9247288692223936,3.0198360115239886,3.1048899300594313,3.1818656225492146,3.253210918158765,3.319775084068496,3.381921112321541,3.4400621651141963,3.49513378328844,3.547496149460862,3.5975038307262484,3.645318470444423,3.6910339314611877,3.734676582847865,3.776320910583867,3.816110763696807,3.8543922286089303,3.891327408654585,3.9270441795268676,3.961666040020008,3.995260183051926,4.02759611048346,4.058585266192055,4.088904235895541,4.117895105859314,4.144513325468544,4.168110204944451,4.188697192919968,4.209496476493851,4.2325939413995215,4.258647177456338,4.286694108875222,4.315685410859254,4.345038114118359,4.374518896051221,4.404057542642058,4.430495987423482,4.4196430128987005,4.4493036059922,4.479051009618383,4.508881479403538
9,0.9999489331276439,1.5006414782470294,1.8304743512958517,2.0791496298547014,2.2824337259803325,2.4520159467080145,2.5959634314872964,2.720089369374706,2.8290533174899304,2.9268677976192046,3.0164416620846803,3.0997005318047037,3.1782935075558933,3.252513805080518,3.321478642126622,3.384477255509763,3.4419561916974812,3.4951597109594714,3.5453500129622317,3.592681024693033,3.6379331481215718,3.6814043033916772,3.7233025451861317,3.7637844186031217,3.802976008423124,3.8409861402789147,3.877964877836837,3.913837680854336,3.949008903492151,3.982121484464069,4.013854474422159,4.044796076253736,4.074986357197022,4.104473371887661,4.133307194382111,4.161532752178429,4.189191335329594,4.216316711411129,4.242916505574778,4.268927361013075,4.294121510068398,4.317946961041212,4.339472962638748,4.358254563976297,4.376164043541553,4.396025818035079,4.418229488778757,4.441668694087156,4.465500769079241,4.4893567674489745|1.001317857021663,1.5016962708119594,1.8319098772524869,2.0877365358345266,2.2983853867678423,2.4761977115663547,2.6289099921532286,2.761454651846036,2.8776897567269124,2.981036499076136,3.0740563952395363,3.1586015404063397,3.2364108765414414,3.3082490388093957,3.3741088558369587,3.4341003710079994,3.488973218606585,3.539785592588302,3.5874275568013156,3.63249107333397,3.6754016120758375,3.716466673418101,3.7559171014328983,3.793932892164734,3.8306608519795042,3.866225360499045,3.9007597489649757,3.934212146876573,3.966757647583002,3.998462934299989,4.029384777617585,4.059572483267101,4.089072008010765,4.11793183098458,4.1461986451867885,4.173913955059487,4.201115092304315,4.227832527499638,4.25407718668631,4.279809512138484,4.304874058375406,4.328886563614134,4.351193992139408,4.371482590994387,4.3910741391674675,4.411970086973333,4.43445637807476,4.457758978259848,4.4812869080396185,4.504782851678296|0.9899611953220824,1.4859207072932323,1.8003599147548803,2.046810145688721,2.25177429095451,2.4241961831433025,2.571283553053685,2.6986684703945927,2.8109099235660313,2.9119003472276614,3.004513367095293,3.0906715150814654,3.172008912755549,3.248788323522,3.320090489499565,3.385172639865902,3.444463264437223,3.499200727891454,3.5506493961705496,3.5990710876914815,3.6452526481884973,3.6895323302127347,3.7321512271560344,3.773290794537997,3.8130948452819666,3.851684361398072,3.8892174790102927,3.9256282053373406,3.9613269189439304,3.994932138075691,4.027136646181353,4.0585405678806685,4.08918507602431,4.119118956916357,4.148392820683727,4.177052023678539,4.20513820715027,4.2326854749116185,4.259701957457652,4.2861253959631185,4.31173060870667,4.335971245465792,4.35792589280263,4.377154493681096,4.395511923583584,4.415795347448884,4.438390081910767,4.462200015267538,4.486390361153171,4.510595766505205
